duration,x^0,x^1,x^2,x^3,x^4,x^5,x^6,x^7,y^0,y^1,y^2,y^3,y^4,y^5,y^6,y^7,z^0,z^1,z^2,z^3,z^4,z^5,z^6,z^7,yaw^0,yaw^1,yaw^2,yaw^3,yaw^4,yaw^5,yaw^6,yaw^7
0.8,0.30000022495063267,-6.255521101931796e-05,-0.014417212368060255,-0.004712969779030389,-0.023043722832344477,-0.03577577438579241,0.035850938579306706,-0.014096727667122846,-5.831410090457578e-07,0.0005615221671880042,0.20205665108760903,0.011641795115562318,-0.06650476140510023,0.09318835539826986,-0.09346673209174611,0.03678406978670273,0,0,0,0,0,0,0,0,0,0,0,0,0,0,0,0
0.8,0.27369081713501503,-0.12331110908046619,0.20348247071548164,-3.6747743780909787,15.516761873195865,-34.362674304181745,36.42317369492413,-14.437389537063774,0.12231503602052096,0.2735665865029968,0.39791448755155906,-2.46178642509457,10.113523621593943,-21.584721396128792,22.12565956689814,-8.55111328108393,0,0,0,0,0,0,0,0,0,0,0,0,0,0,0,0
0.7999999999999998,0.03938964038170667,-0.20054993661368498,-1.6333024656215918,16.026539382067515,-52.906386554690826,81.47657594062497,-61.72223095710393,18.634493775181245,0.4113938031908383,0.5911445695414659,-1.1998930060355149,13.016157187726579,-45.51421621857545,72.33391613550974,-56.05370665907296,17.189125134857235,0,0,0,0,0,0,0,0,0,0,0,0,0,0,0,0
0.8000000000000002,-0.20496842628498074,-0.7071979017695725,-0.4593534714346285,4.244517295894929,-12.659599889426929,20.624170632466562,-17.27910598138574,5.805202005604115,0.7513308811493646,-0.09055194454975554,-0.6939706811245224,4.877873702215815,-14.064249604390556,21.881208726848204,-17.634114532262046,5.748607851211281,0,0,0,0,0,0,0,0,0,0,0,0,0,0,0,0
0.8000000000000002,-0.6310424947218921,-0.3125898768788985,0.23881475276474678,-0.08112953085157543,0.11215034882254049,-0.15291548431317228,0.1238859756792152,-0.040506225643443326,0.7243410423013055,0.04186247890350781,0.02863694651183632,-0.06481956835943334,0.00869680872188213,0.020275095461387407,-0.016406411282845836,0.005359260315614153,0,0,0,0,0,0,0,0,0,0,0,0,0,0,0,0
0.01,-0.75,0,0,0,0,0,0,0,0.75,0,0,0,0,0,0,0,0,0,0,0,0,0,0,0,0,0,0,0,0,0,0,0
