duration,x^0,x^1,x^2,x^3,x^4,x^5,x^6,x^7,y^0,y^1,y^2,y^3,y^4,y^5,y^6,y^7,z^0,z^1,z^2,z^3,z^4,z^5,z^6,z^7,yaw^0,yaw^1,yaw^2,yaw^3,yaw^4,yaw^5,yaw^6,yaw^7
1.0,0.7000009164139207,-0.001421072091151192,0.11289218285045731,0.0052880847009970115,-0.11505743183910144,0.06943142054182917,-0.08228415407431922,0.03556765389031372,1.8053648658352866e-05,0.001428462059240005,-0.23157155299544727,-0.2075122707290085,0.7136870318017575,-1.0585011254992545,0.8342360577964304,-0.25189384893216754,0,0,0,0,0,0,0,0,0,0,0,0,0,0,0,0
1.0,0.7238849452535518,-0.06166713155682905,-1.4143672415964945,6.894959050588176,-23.140383014172738,36.970701968170175,-27.304244536896157,7.648169302215363,-0.19969325136014834,-0.32729444410934394,1.0123803808791316,-6.399120392184069,21.649569853568416,-34.4105270345178,25.38201693336979,-7.116266190362924,0,0,0,0,0,0,0,0,0,0,0,0,0,0,0,0
1.0000000000000004,0.3164027722511366,-0.19156816575377597,-0.10825197929361682,0.01875235677645641,-3.50128497791231,8.809965944492586,-7.97146775765352,2.5242371653459035,-0.40828032886074644,-0.48716828333925594,0.0968401369976479,0.3229513967156364,1.7761626624308864,-5.563468706719282,5.503257472780206,-1.8688972667900263,0,0,0,0,0,0,0,0,0,0,0,0,0,0,0,0
0.9999999999999998,-0.10332420450784559,-0.48957469720283403,0.10045238863122806,-0.08914900784010164,0.11658988192710931,-0.38895673052806046,0.4854805818732761,-0.17917712042217168,-0.6286790404158767,-0.10438729418151751,0.04022208043098427,-3.18686390683108,11.629334220175377,-17.57329783017223,12.511510809907962,-3.4540086550165734,0,0,0,0,0,0,0,0,0,0,0,0,0,0,0,0
0.9999999999999998,-0.5477305130491793,-0.3796627945548928,0.1535351190970023,-0.17847713912901703,0.8048697658846834,-1.256052598033198,0.905029039593765,-0.2515311183381358,-0.7659266585845879,-0.01765516125056861,0.09649236096541058,-0.03919383787203643,-0.10572631386390632,0.14866554189749506,-0.087974909938168,0.021319594633340128,0,0,0,0,0,0,0,0,0,0,0,0,0,0,0,0
0.01,-0.75,0,0,0,0,0,0,0,-0.75,0,0,0,0,0,0,0,0,0,0,0,0,0,0,0,0,0,0,0,0,0,0,0
